01Cyberaton Proenergy SA;01CYBATON;01C
11 bit studios SA;11BIT;11B
2C Partners SA;2CPARTNER;2CP
3R Games SA;3RGAMES;3RG
4Fun Media SA;4FUNMEDIA;4FM
4Mass SA;4MASS;4MS
4Mobility SA;4MOBILITY;4MB
7FIT SA;7FIT;7FT
7Levels SA;7LEVELS;7LV
AB SA;ABPL;ABE
Abak SA;ABAK;ABK
ABS Investment SA;ABSINVEST;AIN
AC SA;ACAUTOGAZ;ACG
Acartus SA;ACARTUS;ACA
Ackerman SA;ACKERMAN;ACK
Action SA;ACTION;ACT
Adatex Deweloper SA;ADATEX;ADX
Adiuvo Investments SA;ADIUVO;ADV
Advertigo SA;ADVERTIGO;AVE
Aforti Holding SA;AFHOL;AFH
Agencja Rozwoju Innowacji SA;ARI;ARI
Agora SA;AGORA;AGO
Agroliga Group PLC;AGROLIGA;AGL
Agromep SA;AGROMEP;AGP
Agroton Plc;AGROTON;AGT
Ailleron SA;AILLERON;ALL
Airway Medix SA;AIRWAY;AWM
Aiton Caldwell SA;AITON;AIT
Akcept Finance SA;AKCEPTFIN;AFC
Alda SA;ALDA;ALD
AlejaSamochodowa.pl SA;ALEJA;ALS
Alior Bank SA;ALIOR;ALR
All in! Games SA;AIGAMES;ALG
Allegro.eu SA;ALLEGRO;ALE
Alta SA;ALTA;AAT
Altus SA;ALTUSTFI;ALI
Alumast SA;ALUMAST;ALU
Alumetal SA;ALUMETAL;AML
Ambra SA;AMBRA;AMB
AMICA Wronki SA;AMICA;AMC
Ampli SA w upadłości układowej;AMPLI;APL
AmRest Holdings SE;AMREST;EAT
Analizy Online SA;ANALIZY;AOL
Angel Business Capital SA;MAKORA;MRA
Answear.com SA;ANSWEAR;ANR
Apanet SA;APANET;APA
Apator SA;APATOR;APT
Apis SA;APIS;ASA
Aplisens SA;APLISENS;APN
APN Promise SA;PROMISE;PRO
Apollo Capital ASI SA;APOLLO;APC
APS Energia SA;APSENERGY;APE
APS SA;APS;APS
AQT Water SA;AQUATECH;AQT
Aqua SA;AQUABB;AQU
Aqua SA;AQUAPOZ;AQA
Archicom SA;ARCHICOM;ARH
Arctic Paper SA;ARCTIC;ATC
Arena.pl SA;ARENAPL;ARE
Arrinera SA;ARRINERA;ARX
Art Games Studio SA;ARTGAMES;ARG
Arteria SA;ARTERIA;ARR
Artifex Mundi SA;ARTIFEX;ART
ArtP Capital SA;ARTP;TYP
Arts Alliance SA;AALLIANCE;AAS
ASBISc Enterprises PLC;ASBIS;ASB
ASM Group SA;ASMGROUP;ASM
Asseco BS SA;ASSECOBS;ABS
Asseco Poland SA;ASSECOPOL;ACP
Asseco South Eastern Europe SA;ASSECOSEE;ASE
Astarta Holding NV;ASTARTA;AST
Astro SA;ASTRO;ASR
Atal SA;ATAL;1AT
ATC-Cargo SA;ATCCARGO;ATA
Atende SA;ATENDE;ATD
Atlanta Poland SA;ATLANTAPL;ATP
Atlantis SE;ATLANTIS;ATS
Atlas Estates Ltd.;ATLASEST;ATL
ATM Grupa SA;ATMGRUPA;ATG
Atomic Jelly SA;ATOMJELLY;ATJ
Aton-HT SA;ATONHT;ATO
Atrem SA;ATREM;ATR
AUGA Group AB;AUGA;AUG
Auto Partner SA;AUTOPARTN;APR
Auxilia SA;AUXILIA;AUX
Avatrix SA;AVATRIX;AVT
Aztec International SA;AZTEC;AZC
Baltic Bridge SA;WINVEST;WIS
Baltic Ceramics SA w likwidacji;BALTICINV;BCI
Balticon SA;BALTICON;BLT
Banco Santander SA;SANTANDER;SAN
Bank Handlowy SA;HANDLOWY;BHW
Bank Millennium SA;MILLENNIUM;MIL
Bank Pekao SA;PEKAO;PEO
BBI Development SA;BBIDEV;BBD
Benefit Systems SA;BENEFIT;BFT
Berg Holding SA;BERGHOLDI;BRH
Berling SA;BERLING;BRG
Beskidzkie Biuro Inwestycyjne SA;BBINWEST;BBA
Best SA;BEST;BST
Betacom SA;BETACOM;BCM
Binary Helix SA;BINARY;BHX
Bio Planet SA;BIOPLANET;BIP
Bioerg SA;BIOERG;BER
BioFactory SA;BIOFACTOR;BFC
Biogened SA;BIOGENED;BGD
Biomass Energy Project SA;BIOMASS;BEP
BioMaxima SA;BIOMAXIMA;BMX
Biomed Lublin SA;BIOMEDLUB;BML
Bioton SA;BIOTON;BIO
Biuro Inwestycji Kapitałowych SA;BIK;BIK
BizTech Konsulting SA;BIZTECH;BTK
Black Pearl SA;BPC;BPC
Black Point SA;BLACKPOIN;BPN
Blirt SA;BLIRT;BLR
Bloober Team SA;BLOOBER;BLO
Blue Tax Group SA;BLUETAX;BTG
Blumerang Investors SA;BLUMERANG;BLU
BNP Paribas Bank Polska SA;BNPPPL;BNP
BoomBit SA;BOOMBIT;BBT
Boryszew SA;BORYSZEW;BRS
BOŚ SA;BOS;BOS
Bowim SA;BOWIM;BOW
BPX SA;BPX;BPX
Brand24 SA;BRAND24;B24
Bras SA;BRAS;BSA
Braster SA w restrukturyzacji;BRASTER;BRA
British Automotive Holding SA;BAHOLDING;BAH
Broad Gate SA;BROADGATE;BDG
Browar Czarnków SA;CZARNKOW;BRO
BTC Studios SA;BLKCHNLAB;BTC
Budimex SA;BUDIMEX;BDX
Bumech SA;BUMECH;BMC
BVT SA;BVT;BVT
Cambridge Chocolate Technologies SA;CAMBRIDGE;CAM
Cannabis Poland SA;CANNABIS;CBD
Capital Park SA;CPGROUP;CPG
Capital Partners SA;CAPITAL;CPA
Carbon Studio SA;CARBONSTU;CRB
Carlson Investments ASI SA;CARLSON;CAI
Carpathia Capital ASI SA;CARPATHIA;CRC
Caspar Asset Management SA;CASPAR;CSR
CCC SA;CCC;CCC
CD Projekt SA;CDPROJEKT;CDR
CDA SA;CDA;CDA
CDRL SA;CDRL;CDL
Celon Pharma SA;CLNPHARMA;CLN
Cenospheres Trade & Engineering SA;CTE;CTE
Centrum Finansowe SA;CFSA;CFS
Centrum Nowoczesnych Technologii SA;CNT;CNT
Centuria Group SA;VELTO;VEL
Centurion Finance ASI SA;CENTURION;CTF
Cereal Planet Plc;CEREALPLT;CRP
CEZ a.s.;CEZ;CEZ
CFI Holding SA;CFI;CFI
Cherrypick Games SA;CHERRY;CHP
CI Games SA;CIGAMES;CIG
Ciech SA;CIECH;CIE
City Service SE;CITYSERV;CTS
Clean&Carbon Energy SA;CCENERGY;CCE
Cloud Technologies SA;CLOUD;CLD
CM International SA;CMI;CMI
Coal Energy SA;COALENERG;CLE
Codeaddict SA;CODEADDIC;CDT
Cognor Holding SA;COGNOR;COG
Columbus Energy SA;COLUMBUS;CLC
ComArch SA;COMARCH;CMR
Comeco SA;COMECO;CMC
Comp SA;COMP;CMP
Comperia.pl SA;COMPERIA;CPL
Concept Liberty Group SA;LIBERTY;LTG
Copernicus Securities SA;COPERNIC;CRS
Corelens SA;CORELENS;COR
CPD SA;CELTIC;CPD
CPI FIM SA;ORCOGROUP;OPG
CreativeForge Games SA;CFG;CFG
Creepy Jar SA;CREEPYJAR;CRJ
CWPE SA;CWPE;CWP
Cyfrowe Centrum Serwisowe SA;CCS;CCS
Cyfrowy Polsat SA;CYFRPLSAT;CPS
Czerwona Torebka SA;CZTOREBKA;CZT
Dadelo SA;DADELO;DAD
Danks ECDP SA;DANKS;DNS
DataWalk SA;DATAWALK;DAT
DB Energy SA;DBENERGY;DBE
Decora SA;DECORA;DCR
Dekpol SA;DEKPOL;DEK
Dektra SA;DEKTRA;DKR
Delko SA;DELKO;DEL
Dent-a-Medical SA;DENTAMDC;DAM
Detalion Games SA;DETGAMES;DEG
Develia SA;DEVELIA;DVL
Devoran SA;DEVORAN;DEV
Dębica SA;DEBICA;DBC
DGA SA;DGA;DGA
Digitree Group SA;DIGITREE;DTR
Dino Polska SA;DINOPL;DNP
Ditix SA;DITIX;DTX
Dolnośląskie Centrum Deweloperskie SA;DCD;DCD
Dom Development SA;DOMDEV;DOM
Dom Lekarski SA;DOMLEK;DLK
Dook SA;DOOK;DOK
Dr. Finance SA;DRFINANCE;DRF
Drageus Games SA;DRAGEUS;DRG
Draw Distance SA;DDISTANCE;DDI
Drewex SA;DREWEX;DRE
Drozapol-Profil SA;DROZAPOL;DPL
Duality SA;DUALITY;DUA
easyCall.pl SA;EASYCALL;ECL
EC2 SA;EC2;EC2
ECC Games SA;ECCGAMES;ECC
Echo Investment SA;ECHO;ECH
Ecotech Polska SA;ECOTECH;ECO
ED Invest SA;EDINVEST;EDI
Edison SA;EDISON;EDN
Efekt SA;EFEKT;EFK
e-kiosk SA;EKIOSK;EKS
Eko Export SA;EKOEXPORT;EEX
Ekobox SA;EKOBOX;EBX
Ekopark SA;EKOPARK;EPR
Ekopol SA;EKOPOL;EGH
Electroceramics SA;ECERAMICS;ECR
Elektrobudowa SA w upadłości;ELBUDOWA;ELB
Elektrociepłownia Będzin SA;BEDZIN;BDZ
Elektromont SA;EMONT;ELM
Elektrotim SA;ELEKTROTI;ELT
Elemental Asia SA;EMTASIA;EMA
Elkop SE;ELKOP;EKP
ELQ SA;ELQ;ELQ
Elzab SA;ELZAB;ELZ
EMC Instytut Medyczny SA;EMCINSMED;EMC
Emmerson Realty SA;EMMERSON;EMM
e-Muzyka SA;EMUZYKA;EMU
Enea SA;ENEA;ENA
Enefi Plc.;ESTAR;EST
Enel-Med SA;ENELMED;ENE
Energa SA;ENERGA;ENG
Energoaparatura SA;ENAP;ENP
Energoinstal SA;ENERGOINS;ENI
Enter Air SA;ENTER;ENT
EO Networks SA;EONET;EON
Erato Energy ASI SA;TECHINVGR;TIG
Erbud SA;ERBUD;ERB
ERG SA;ERG;ERG
Eskimos SA w restrukturyzacji ;ESKIMOS;ESK
Esotiq&Henderson SA;ESOTIQ;EAH
EuCO SA;EUCO;EUC
Eurocash SA;EUROCASH;EUR
Eurohit SA;EUROHIT;ERH
Eurohold Bulgaria AD;EUROHOLD;EHG
Euroinvestment SA;VISION;VIV
Europejski Fundusz Energii SA;EFENERGII;EFE
Eurosnack SA;EUROSNACK;ECK
Euro-Tax.pl SA;EUROTAX;ETX
Eurotel SA;EUROTEL;ETL
Examobile SA;EXAMOBILE;EXA
Excellence SA;EXCELLENC;EXC
e-Xim IT SA;EXIMIT;EXM
Fabryka Konstrukcji Drewnianych SA;FABRYKAKD;FKD
Falcon Games SA;FALCON;FLG
Famur SA;FAMUR;FMF
Fasing SA;FASING;FSG
Fast Finance SA w restrukturyzacji;FASTFIN;FFI
Feerum SA;FEERUM;FEE
Fenghua SoleTech AG;FENGHUA;FGT
Ferro SA;FERRO;FRO
Ferrum SA;FERRUM;FER
Figene Capital SA;FIGENE;FIG
Fince Holding SA;AUTOSPA;ASP
Finhouse SA;FINHOUSE;FIN
Fintech SA;FINTECH;FTH
FinTech Ventures SA;FINVENTUR;FIV
Fiten SA w restrukturyzacji;FITEN;FTN
Fluid SA w upadłości;FLUID;FLD
Fon SE;FON;FON
Forbuild SA;BETOMAX;BTX
Forever Entertainment SA;FOREVEREN;FOR
Forposta SA;FORPOSTA;FPO
Forte SA;FORTE;FTE
Foto Volt Eko Energia SA;FOTOVOLT;FVE
Fundusz Hipoteczny Dom SA;FHDOM;FHD
Galvo SA;GALVO;GAL
Games Operators SA;GAMEOPS;GOP
Gaming Factory SA;GAMFACTOR;GIF
G-Energy SA;GENRG;GNG
Genomed SA;GENOMED;GEN
Genomtec SA;GENOMTEC;GMT
genXone SA;GENXONE;GX1
Geo-Term Polska SA;GEOTERM;GTP
Geotrans SA;GEOTRANS;GTS
Geotrekk SA;GEOTREKK;GTK
GetBack SA;GETBACK;GBK
Getin Holding SA;GETIN;GTN
Getin Noble Bank SA;GETINOBLE;GNB
GKS GieKSa Katowice SA;GKSKAT;GKS
GLG Pharma SA;GLGPHARMA;GLG
Global Cosmed SA;GLCOSMED;GLC
Globe Trade Centre SA;GTC;GTC
Go24.pl SA;GOTFI;GTF
Gobarto SA;GOBARTO;GOB
Golab SA;GOLAB;GOL
Govena Lighting SA;GOVENA;GOV
GPM Vindexus SA;VINDEXUS;VIN
GPW SA;GPW;GPW
Gremi Media SA;GRMEDIA;GME
Grempco SA;GREMPCO;GRM
Groclin SA;GROCLIN;GCN
Grodno SA;GRODNO;GRN
Grupa Azoty SA;GRUPAAZOTY;ATT
Grupa Emmerson SA;GRUPAEMM;GEM
Grupa HRC SA;GRUPAHRC;HRC
Grupa Kapitałowa Immobile SA;IMMOBILE;GKI
Grupa Kęty SA;KETY;KTY
Grupa Lotos SA;LOTOS;LTS
Grupa Recykl SA;GRUPAREC;GRC
Grupa Trinity SA;GTRINITY;GTY
Grupa Żywiec SA;ZYWIEC;ZWC
Harper Hygienics SA;HARPER;HRP
Helio SA;HELIO;HEL
Hemp & Health SA;HEMP;HMP
Herkules SA;HERKULES;HRS
HM Inwest SA;HMINWEST;HMI
Hollywood SA;HOLLYWOOD;HLD
Hornigold Reit SA;HORNIGOLD;HRL
Hortico SA;HORTICO;HOR
Hub.Tech SA;HUBTECH;HUB
Hub4Fintech SA;H4F;H4F
Hurtimex SA;HURTIMEX;HRT
Huuuge, Inc.;HUUUGE-S144;HUGE
Hydrapres SA;HYDRAPRES;HPS
Hydropress SE;AERFINANC;AER
Hydrotor SA;HYDROTOR;HDR
i2 Development SA;I2DEV;I2D
IBC Polska F&P SA;IBCPOLSKA;IBC
ICPD;ICPD;ICD
IDH Development SA;IDH;IDH
IDM SA;IDMSA;IDM
iFirma SA;IFIRMA;IFI
Igoria Trade SA;IGORIA;IGT
Image Power SA;;
IMC SA;IMCOMPANY;IMC
Immofinanz AG;IIAAV;IIA
Impel SA;IMPEL;IPL
Impera Capital SA;IMPERA;IMP
IMS SA;IMS;IMS
INC SA;INC;INC
Incana SA;INCANA;ICA
Incuvo SA;INCUVO;IVO
Indos SA;INDOS;INS
IndygoTech Minerals SA w likwidacji;INDYGO;IDG
InfoScan SA;INFOSCAN;IST
Infra SA;INFRA;IFA
ING BANK HIPOTECZNY SA;;
ING Bank Śląski SA;INGBSK;ING
Inkaso WEC SA;KANCELWEC;KPI
Inno-Gene SA;INNOGENE;IGN
Inpro SA;INPRO;INP
Instal Kraków SA;INSTALKRK;INK
InteliWise SA;INTELIWIS;ITL
Intelligent Gaming Solutions SA;INTELGSOL;IGS
Inter Cars SA;INTERCARS;CAR
Inter Rao Lietuva AB;INTERAOLT;IRL
Interbud-Lublin SA;INTERBUD;ITB
Interferie SA;INTERFERI;INF
Interma Trade SA w likwidacji;ITMTRADE;ITM
International Personal Finance plc;PROVIDENT;IPF
Internet Union SA;IU;IUS
Internity SA;INTERNITY;INT
Intersport Polska SA;INTERSPPL;IPO
Introl SA;INTROL;INL
InventionMed SA;INVENTION;INM
Investeko SA;INVESTEKO;IVE
Investment Friends Capital SE;IFCAPITAL;IFC
Investment Friends SE;IFSA;IFR
Invista SA;INVISTA;INV
Inwestycje.pl SA;INWESTPL;INW
IPO Doradztwo Kapitałowe SA;IPODS;IOD
Ipopema Securities SA;IPOPEMA;IPE
ISiAG SA;ISIAG;ISG
Izoblok SA;IZOBLOK;IZB
Izolacja Jarocin SA;IZOLACJA;IZO
Izostal SA;IZOSTAL;IZS
J.W. Construction Holding SA;JWCONSTR;JWC
Jastrzębska Spółka Węglowa SA;JSW;JSW
JJ Auto AG;JJAUTO;JJO
JR Holding ASI SA;JRHOLDING;JRH
Jujubee SA;JUJUBEE;JJB
JWA SA;JWA;JWA
JWW Invest SA;JWWINVEST;JWW
K2 Holding SA;K2HOLDING;K2H
Kancelaria Medius SA w restrukturyzacji;KME;KME
KB Dom SA;KBDOM;KBD
KBJ SA;KBJ;KBJ
KCI SA;KCI;KCI
KDM Shipping Public Ltd.;KDMSHIPNG;KDM
Kernel Holding SA;KERNEL;KER
KGHM Polska Miedź SA;KGHM;KGH
Kino Polska TV SA;KINOPOL;KPL
Klabater SA;KLABATER;KBT
Klon SA;KLON;KLN
Kogeneracja SA;KOGENERA;KGN
Kompap SA;KOMPAP;KMP
Komputronik SA w restrukturyzacji;KOMPUTRON;KOM
Kool2Play SA;KOOL2PLAY;K2P
Korbank SA;KORBANK;KOR
Korporacja KGL SA;KGL;KGL
KPPD SA;KPPD;KPD
Krakchemia SA;KRAKCHEM;KCH
Kredyt Inkaso SA;KREDYTIN;KRI
KRKA DD;KRKA;KRK
Kruk SA;KRUK;KRU
Kruszwica SA;KRUSZWICA;KSW
Krynica Vitamin SA;KRVITAMIN;KVT
Krynicki Recykling SA;KREC;KRC
KSG Agro SA;KSGAGRO;KSG
Kupiec SA;KUPIEC;KPC
Labo Print SA;LABOPRINT;LAB
Labocanna SA;LABOCANNA;LCN
Langloo.com SA;LANGLOO;LAN
Lark.pl SA;LARK;LRK
Larq SA;LARQ;LRQ
Lauren Peso Polska SA;LAURENPES;LPS
Lena Lighting SA;LENA;LEN
Lentex SA;LENTEX;LTX
Letus Capital SA;LETUS;LET
Libet SA;LIBET;LBT
LiveChat Software SA;LIVECHAT;LVC
LK Designer Shops SA;LKDESIGN;LKS
Logintrade SA;LGTRADE;LGT
Lokaty Budowlane SA;LOKATYBUD;LBD
Lokum Deweloper SA;LOKUM;LKD
LPP SA;LPP;LPP
LSI Software SA;LSISOFT;LSI
Lubawa SA;LUBAWA;LBW
LUG SA;LUG;LUG
Lukardi SA;LUKARDI;LUK
Luxima SA;LUXIMA;LUX
LW Bogdanka SA;BOGDANKA;LWB
M Food SA;MFOOD;MFD
M4B SA;M4B;M4B
Mabion SA;MABION;MAB
Macro Games SA;MGAMES;MGS
Madkom SA;MADKOM;MAD
Magna Polonia SA;06MAGNA;06N
Makarony Polskie SA;MAKARONPL;MAK
MakoLab SA;MAKOLAB;MLB
Małkowski-Martech SA;MALKOWSKI;MMA
Mangata Holding SA;MANGATA;MGT
Marie Brizard Wine & Spirits S.A.;MBWS;MBW
Marka SA w restrukturyzacji;MARKA;MRK
Marvipol Development SA;MARVIPOL;MVP
Massmedica SA;MSM;MSM
Master Pharm SA;MASTERPHA;MPH
Matrx Pharmaceuticals SA;SPAC1;SP1
Maxcom SA;MAXCOM;MXC
Maximus SA;MAXIMUS;MAX
Maxipizza SA;MAXIPIZZA;MXP
mBank SA;MBANK;MBK
MBF Group SA;MBFGROUP;MBF
MCI Capital ASI SA;MCI;MCI
MDI Energia SA;MDIENERGIA;MDI
MedApp SA;MEDAPP;MDA
Medard SA;MEDARD;MRD
Medcamp SA;MEDCAMP;MDP
Mediacap SA;MEDIACAP;MCP
Median Polska SA;MEDIANPOL;MDN
Medical Cannabis SA;GENERGY;GNR
Medicalgorithmics SA;MEDICALG;MDG
Medicofarma Biotech SA;MEDICOBIO;MDB
Medinice SA;MEDINICE;ICE
Mega Sonic SA;MEGASONIC;MGA
Megaron SA;MEGARON;MEG
Mennica Polska SA;MENNICA;MNC
Mennica Skarbowa SA;MENNICASK;MNS
Mera SA;MERA;MER
Mercator Medical SA;MERCATOR;MRC
Mercor SA;MERCOR;MCR
Merit Investments ASI SA;MERIT;MEI
Merlin Group SA;MERLINGRP;MRG
Mex Polska SA;MEXPOLSKA;MEX
MFO SA;MFO;MFO
Milestone Medical Inc.;MILESTONE;MMD
Milkiland NV;MILKILAND;MLK
Milkpol SA;MILKPOL;MLP
Milton Essex SA;MILTON;MTN
Mineral Midrange SA;MINERAL;MND
Minox SA;MINOX;MNX
Miraculum SA;MIRACULUM;MIR
Mirbud SA;MIRBUD;MRB
ML System SA;MLSYSTEM;MLS
MLP Group SA;MLPGROUP;MLG
MM Conferences SA;MMCPL;MMC
Mo-Bruk SA;MOBRUK;MBR
Mode SA;MODE;MOE
Modern Commerce SA;MODERNCOM;MCE
Module Technologies SA ;LSTECHHOM;LSH
MOJ SA;MOJ;MOJ
MOL Rt.;MOL;MOL
Monnari Trade SA;MONNARI;MON
Moonlit SA;MOONLIT;MLT
Mostostal Płock SA;MOSTALPLC;MSP
Mostostal Warszawa SA;MOSTALWAR;MSW
Mostostal Zabrze SA;MOSTALZAB;MSZ
Motoricus SA;MOTORICUS;MTR
Movie Games SA;MOVIEGAMES;MOV
mPay SA;MPAY;MPY
MPL Verbum SA;MPLVERBUM;VER
Mr Hamburger SA;HAMBURGER;MRH
M-Trans SA;MTRANS;MTS
Muza SA;MUZA;MZA
MVA Green Energy SA;GREENENER;GRE
MW Trade SA;MWTRADE;MWT
NanoGroup SA;NANOGROUP;NNG
Neptis SA;NEPTIS;YAN
Nestmedic SA;NESTMEDIC;NST
Netia SA;NETIA;NET
Netwise SA;NETWISE;NTW
Neuca SA;NEUCA;NEU
Neurone Studio SA;NEURONE;NRS
New Tech Venture SA;UNITED;UTD
Newag SA;NEWAG;NWG
Nexity Global SA;NEXITY;NXG
Nextbike Polska SA w restrukturyzacji;NEXTBIKE;NXB
No Gravity Games SA;NGGAMES;NGG
Noble Financials SA;IBSM;IBS
Notoria Serwis SA;NOTORIA;NTS
Novaturas AB;NOVATURAS;NTU
Novavis Group SA;NOVAVISGR;NVG
Novavis SA;NOVAVIS;NVV
Novina SA;NOVINA;NOV
Novita SA;NOVITA;NVT
Nowoczesna Firma SA;NFPL;NFP
NTT System SA;NTTSYSTEM;NTT
NWAI Dom Maklerski SA;NWAI;NWA
Octava SA;08OCTAVA;08N
Odlewnie Polskie SA;ODLEWNIE;ODL
OEX SA;OEX;OEX
OncoArendi Therapeutics SA;OAT;OAT
One More Level SA;ONEMORE;OML
ONE SA;FMG;FMG
Onico SA w restrukturyzacji ;ONICO;ONC
Open Finance SA;OPENFIN;OPF
Oponeo.pl SA;OPONEO.PL;OPN
OPTeam SA;OPTEAM;OPM
Optigis SA;IMAGIS;IMG
Optizen Labs SA;OPTIZENLB;OPT
Orange Polska SA;ORANGEPL;OPL
Organic Farma Zdrowia SA;ORGANIC;ORG
Orzeł Biały SA;ORZBIALY;OBL
Orzeł SA;ORZLOPONY;ORL
OT Logistics SA;OTLOG;OTS
Outdoorzy SA;OUTDOORZY;OUT
Ovid Works SA;OVIDWORKS;OVI
Ovostar Union NV;OVOSTAR;OVO
Oxygen SA;OXYGEN;OXY
OZE Capital SA;OZECAPITAL;OZE
PA Nova SA;PANOVA;NVA
Pamapol SA;PAMAPOL;PMP
Parcel Technik SA;PARCELTEC;PTE
PartnerBud SA w upadłości;AWBUD;AWB
Partner-Nieruchomości SA;PARTNER;PRN
Passus SA;PASSUS;PAS
Patent Fund SA w likwidacji;PATFUND;PFD
Patentus SA;PATENTUS;PAT
PBG SA w restrukturyzacji;PBG;PBG
PBS Finanse SA;PBSFINANSE;PBF
PC Guard SA;PCGUARD;PCG
PCC Exol SA;PCCEXOL;PCX
PCC Rokita SA;PCCROKITA;PCR
PCF Group SA;PCFGROUP;PCF
Peixin International Group NV;PEIXIN;PEX
Pekabex SA;PEKABEX;PBX
Pepees SA;PEPEES;PPS
Perma-Fix Medical SA;PFMEDICAL;PFM
PGE SA;PGE;PGE
PGF Polska Grupa Fotowoltaiczna SA;PGFGROUP;PGV
PGNiG SA;PGNIG;PGN
PGO SA;PGO;PGO
PGS Software SA;PGSSOFT;PSW
Pharmena SA;PHARMENA;PHR
PHN SA;PHN;PHN
Photon Energy NV;PHOTON;PEN
PJP Makrum SA;PROJPRZEM;PJP
PKN Orlen SA;PKNORLEN;PKN
PKO BP SA;PKOBP;PKO
PKP Cargo SA;PKPCARGO;PKP
PL Group SA;PLGROUP;PLG
Planet B2B SA;PLANETB2B;P2B
Planet Innovation Group SA;PLANETINN;PIG
Plantwear SA;PLANTWEAR;PNW
Plasma System SA w restrukturyzacji;PLASMA;PSM
Plast-Box SA;PLASTBOX;PLX
Platige Image SA;PLATIGE;PLI
Platynowe Inwestycje SE;PLATYNINW;PIW
Play Communications SA;PLAY;PLY
Play2Chill SA;P2CHILL;P2C
PlayWay SA;PLAYWAY;PLW
Plaza Centers NV;PLAZACNTR;PLZ
PMPG Polskie Media SA;PMPG;PGM
Pointpack SA;POINTPACK;PNT
Polaris IT Group SA;POLARISIT;PIT
Polenergia SA;PEP;PEP
Police SA;POLICE;PCE
Polimex Mostostal SA;POLIMEXMS;PXM
Polman SA;POLMAN;PLM
Polnord SA;POLNORD;PND
Polski Bank Komórek Macierzystych SA;PBKM;BKM
Poltronic SA;POLTRONIC;PTN
Polwax SA;POLWAX;PWX
Polyslash SA;POLYSLASH;PSH
Pozbud SA;POZBUD;POZ
Pragma Inkaso SA;PRAGMAINK;PRI
PragmaGO SA;PRAGMAFA;PRF
Prairie Mining Ltd.;PRAIRIE;PDZ
Prefa Group SA;PREFAGRP;PFG
Prefabet-Białe Błota SA w restrukturyzacji;PREFABET;PBB
Present24 SA;PRESENT24;P24
Presto SA w upadłości;PRESTO;PST
Prima Moda SA;PRIMAMODA;PMA
Prima Park SA w restrukturyzacji;KLEBAINV;KIN
Prime Bit Games SA;PBGAMES;PBT
Primetech SA;PRIMETECH;PTH
Private Equity Managers SA;PEMANAGER;PEM
Procad SA;PROCAD;PRD
Prochem SA;PROCHEM;PRM
Property Lease Fund SA;PROPERTYF;PLE
Protektor SA;PROTEKTOR;PRT
Prymus SA;PRYMUS;PRS
PTWP SA;PTWP;PTW
Puławy SA;PULAWY;ZAP
PunkPirates SA;PUNKPIRAT;PUN
Pure Biologics SA;PURE;PUR
Pylon SA;PYLON;PYL
Pyramid Games SA;PYRAMID;PDG
PZ Cormay SA;CORMAY;CRM
PZU SA;PZU;PZU
Quantum Software SA;QUANTUM;QNT
Quart Development SA;QUART;QRT
QuarticOn SA;QUARTICON;QON
QubicGames SA;QUBICGMS;QUB
Quercus TFI SA;QUERCUS;QRS
R22 SA;R22;R22
Radpol SA;RADPOL;RDL
Rafako SA w restrukturyzacji;RAFAKO;RFK
Rafamet SA;RAFAMET;RAF
Rainbow Tours SA;RAINBOW;RBW
Rank Progress SA;RANKPROGR;RNK
Rawlplug SA;RAWLPLUG;RWL
Read-Gene SA;READGENE;RDG
ReChain SA;REVITUM;REV
Red Dev Studio SA;REDDEV;RDS
Redan SA;REDAN;RDN
Regnon SA w likwidacji;REGNON;REG
Reinhold Europe AB;REINHOLD;RHD
Reino Capital SA;REINO;RNC
Relpol SA;RELPOL;RLP
Remak-Energomontaż SA;REMAK;RMK
Remedis SA w restrukturyzacji;REMEDIS;REM
Remor Solar Polska SA;REMORSOL;RSP
Resbud SE;RESBUD;RES
Robinson Europe SA;ROBINSON;RBS
Rocca SA;ROCCA;RCA
Ronson Development SE;RONSON;RON
Rovita SA;ROVITA;ROV
Ruch Chorzów SA;RUCHCHORZ;RCW
Ryvu Therapeutics SA;RYVU;RVU
S4E SA;S4E;S4E
Sadovaya Group SA;SADOVAYA;SGR
Sakana SA;SAKANA;SKN
Sanok Rubber Company SA;SANOK;SNK
Santander Bank Polska SA;SANPL;SPL
Sanwil SA;SANWIL;SNW
Satis Group SA w restrukturyzacji;IALBGR;IAG
Scope Fluidics SA;SCPFL;SCP
Seco/Warwick SA;SECOGROUP;SWG
Seko SA;SEKO;SEK
Selena FM SA;SELENAFM;SEL
Selvita SA;SELVITA;SLV
Serinus Energy plc;SERINUS;SEN
Sescom SA;SESCOM;SES
Sevenet SA;SEVENET;SEV
SFD SA;SFD;SFD
SferaNet SA;SFERANET;SFN
Sfinks Polska SA;SFINKS;SFS
ShockWork Games SA;SHOCKWORK;SWK
Silvair Inc.;SILVAIR-REGS;SVRS
Silvano Group AS;SILVANO;SFG
SimFabric SA;SIMFABRIC;SIM
Simple SA;SIMPLE;SME
Simteract SA;SIMTERACT;SMT
Skarbiec Holding SA;SKARBIEC;SKH
Skinwallet SA;SWALLET;SWT
Skoczowska Fabryka Kapeluszy Polkap SA w restrukturyzacji;SFKPOLKAP;SFK
Skotan SA;SKOTAN;SKT
Skyline Investment SA;SKYLINE;SKL
Sleepz AG;SLEEPZAG;SLZ
SMS Kredyt Holding SA;SMSKREDYT;SMS
Softblue SA;SOFTBLUE;SBE
Soho Development SA;SOHODEV;SHD
Solar Company SA;SOLAR;SOL
Solar Innovation SA;SOLARINOV;SIN
Sonel SA;SONEL;SON
Sonka SA;SONKA;SOK
Sopharma AD;SOPHARMA;SPH
Spark VC SA;SPARKVC;SPK
SpyroSoft SA;SPYROSOFT;SPR
Stalexport Autostrady SA;STALEXP;STX
Stalprodukt SA;STALPROD;STP
Stalprofil SA;STALPROFI;STF
Standrew SA;STANDREW;STD
Starhedge SA;STARHEDGE;SHG
Starward Industries SA;STARWARD;STA
Stem Cells Spin SA;STEMCELLS;SCS
Summa Linguae Technologies SA;SUMMALING;SUL
Sundragon SA;SUNDRAGON;SDG
Sunex SA;SUNEX;SNX
Suntech SA;SUNTECH;SUN
Surfland SA;SURFLAND;SSK
Suwary SA;SUWARY;SUW
Swissmed Centrum Zdrowia SA;SWISSMED;SWD
Sygnity SA;SYGNITY;SGN
Symbio Polska SA;SYMBIO;SYM
Synektik SA;SYNEKTIK;SNT
SYNERGA.fund SA;SYNERGA;SNG
Szar SA;SZAR;SZR
Śnieżka SA;SNIEZKA;SKA
Talanx AG;TALANX;TNX
Talex SA;TALEX;TLX
Tamex SA;TAMEX;TOS
Tarczyński SA;TARCZYNSKI;TAR
Tatry Mountain Resorts a.s.;TATRY;TMR
Tauron Polska Energia SA;TAURONPE;TPE
Tax-Net SA;TAXNET;TXN
Taxus Fund SA;TAXUSFUND;TXF
T-Bull SA;TBULL;TBL
Telemedycyna Polska SA;TELEMEDPL;TMP
Telesto SA;TELESTO;TLO
Telestrada SA;TELESTR;TLS
Telgam SA;TELGAM;TLG
Teliani Valley Polska SA;TELIANI;TLV
Ten Square Games SA;TSGAMES;TEN
Termo2Power SA;TERMO2PWR;T2P
Termoexpert SA;TERMOEXP;TME
Termo-Rex SA;TERMOREX;TRR
Tesgas SA;TESGAS;TSG
The Dust SA;THEDUST;THD
The Farm 51 Group SA;FARM51;F51
TIM SA;TIM;TIM
TopLevelTennis.com SA;TLTENNIS;TLT
Torpol SA;TORPOL;TOR
Tower Investments SA;TOWERINVT;TOW
Toya SA;TOYA;TOA
Trakcja SA;TRAKCJA;TRK
Trans Polonia SA;TRANSPOL;TRN
Triton Development SA;TRITON;TRI
True Games Syndicate SA;KKHERBAL;KKH
TXM SA;TXM;TXM
UHY ECA SA;UHYECA;ECA
Ulma Construccion Polska SA;ULMA;ULM
Ultimate Games SA;ULTGAMES;ULG
Unibep SA;UNIBEP;UNI
UniCredit SpA;UNICREDIT;UCG
Unified Factory SA;UNIFIED;UFC
Unima 2000 SA;UNIMA;U2K
Unimot SA;UNIMOT;UNT
United Label SA;UNILABGAM;UNL
Ursus SA w restrukturyzacji;URSUS;URS
Vabun SA;VABUN;VAB
Vakomtek SA;VAKOMTEK;VKT
Varsav Game Studios SA;VARSAV;VAR
Vee SA;VEE;VEE
Venture INC ASI SA;VENTUREIN;VTI
Verbicom SA;VERBICOM;VRB
Viatron SA;VIATRON;VIA
Vidis SA;VIDIS;VDS
Vigo System SA;VIGOSYS;VGO
Vistal Gdynia SA;VISTAL;VTL
Vivid Games SA;VIVID;VVD
Votum SA;VOTUM;VOT
Voxel SA;VOXEL;VOX
VRG SA;VRG;VRG
Warimpex AG;WARIMPEX;WXF
Wasko SA;WASKO;WAS
Wawel SA;WAWEL;WWL
Wealth Bay SA;WBAY;WBY
Werth-Holz SA;WERTHHOLZ;WHH
West Real Estate SA;WESTREAL;WRE
Wielton SA;WIELTON;WLT
Wierzyciel SA;WIERZYCL;WRL
Wikana SA;WIKANA;WIK
Wirtualna Polska Holding SA;WIRTUALNA;WPL
Wittchen SA;WITTCHEN;WTN
Wodkan SA;WODKAN;WOD
Wojas SA;WOJAS;WOJ
Wolfs Development SA;WOLFSTF;WTF
Work Service SA;WORKSERV;WSE
XBS Pro-Log SA;XBSPROLOG;XBS
XPlus SA;XPLUS;XPL
XTB DM SA;XTB;XTB
XTPL SA;XTPL;XTP
Yolo SA;YOLO;YOL
Yoshi Innovation SA;ACREBIT;ACR
Zamet SA;ZAMET;ZMT
ZE PAK SA;ZEPAK;ZEP
ZM Henryk Kania SA w upadłości;KANIA;KAN
ZM Ropczyce SA;ROPCZYCE;RPC
ZPC Otmuchów SA;OTMUCHOW;OTM
ZPUE SA;ZPUE;PUE
Zremb-Chojnice SA;ZREMB;ZRE
ZUE SA;ZUE;ZUE
ZUK Stąporków SA;STAPORKOW;ZUK